id,name,RA,Decl,V_mag,R_star,M_star,Priority,SpcType,comments,period,period_error,t0,t0_error,depth,duration,Rs_a,Mp,Rp,filler,public,tess,required_observations,done,observations,stellar_density
242;"KELT-01_SE";0.36216666666667;39.383805555556;10.7;;;5;;"Enric, Roi, CHEOPS. S. Eclipse";1.21749448;0;2456093.7433872;0;;0.11526;;;;0;;;1;"Yes";5;
289;"TOI00234.01";2.568707;-26.2824;;;;2;;"TFOP sector S2. visibility test Dec";2.839249;0;2458356.08812;0;3.7;0.0618;;;;0;;1;1;"Yes";2;
270;"2MASS J0019262+461407";4.8591666666667;46.235277777778;18;;;4;"M8";;;0;;0;;;;;;2;;;1;"Yes";4;
224;"HAT-P-19b";9.5167208333333;34.711555555556;12.85;;;3;;"GUO. Puffy planet to search for slope of haze or hints of Na/K/TiO/VO";4.0087842;0;2455091.535;0;;0.1182;;;;0;;;1;"Yes";3;
187;"LHS1140b";11.247083333333;-15.271666666667;14.18;0.186;0.186;4;"M4.5";;24.73712;0.00025;2456915.6997;0.0054;0.5;0.083;101;0.0209;0.128;0;;;1;"No";0;28.905075731298
110;"M31N 2008-12a";11.37;41.902805555556;24;;;5;;"Pablo Rodriguez: Se espera que la nova recurrente M31N 2008-12a en la galaxia de Andrómeda tenga su próxima explosión este mes. El periodo de recurrencia es de aproximadamente un año y la erupción de 2016 tuvo lugar el 12 de diciembre. En el pico de la erupción esta nova alcanza V~18, siendo V~24 su magnitud en quietud. Es importante obtener algún punto fotométrico antes del máximo de brillo. Por lo tanto, les agradecería que si les sobra algo de tiempo en el IAC80, TCS o algún telescopio de SARA en el hemisferio norte, hicieran observaciones cada día, preferiblemente con el filtro SDSS g (o el V).";;0;;0;;;;;;1;;;1;"Yes";6;
118;"GJ3069";15.498041666667;54.182722222222;15.12;;;5;;"Victor. Search for rocky planets in the HZ of mid and late M dwarfs with estimated inclination angles ~90deg, based on Prot and vsini 3 Aug 2018 Enric: New target for priority search for planets, I lower down 1RX";;0;;0;;;;;;2;;;1;"Yes";32;
119;"GJ51";15.832166666667;62.365472222222;13.66;;;4;;"Victor. Search for rocky planets in the HZ of mid and late M dwarfs with estimated inclination angles ~90deg, based on Prot and vsini";;0;;0;;;;;;2;;;1;"No";0;
54;"J011631";19.130625;27.442555555556;10.75;;;5;;"Jorge. Superwasp target. To catch its shallow transit.";0.9882692;0;2458008.731288;0;;0.028;;;;0;;;1;"No";0;
267;"2005UD";19.908333333333;6.9152777777778;16;;;5;"asteroid";"A special observation target (asteroid) proposed by Fumi Yoshida, coordinated by Norio Narita. Requested nights are 10/7, 12, 13, 20. Taku Nishiumi will observe this target under the direction by Fumi Yoshida.";;0;;0;;;;;;2;;;1;"Yes";4;
210;"HAT-P-51";21.065183333333;32.810755555556;13.4;;;2;;"Guo. Puffy planet to search for slope of haze or hints of Na/K/TiO/VO";4.2180278;0;2456194.12204;0;0.0163;0.1403;;;;0;;;1;"Yes";2;
290;"TOI00266.02";26.209641666667;-18.40095;10.07;;;2;;"TESS's Comment: S3 PC: period ambiguous for .01 and .02; unclear which transits are attributed to which candidates; will not be observed again in nominal mission. Check all stars within 2 arcmin for NEBs.";6.191;0;2458392.105;0;0.345;0.1425;;;;0;;1;1;"No";0;
227;"WASP-76";26.6327375;2.7005444444444;9.89;1.73;;3;;"Guo. Puffy planet to search for slope of haze or hints of Na/K/TiO/VO. Please rotate FOV to put target and reference on the diagonal line. Reference is 7.2 arcmin away!";1.809886;1.0E-6;2456107.85507;0.00034;0.0119;0.1539;0.2437;0.92;1.83;0;;;1;"No";0;
240;"WASP-76_SE";26.6327375;2.7005444444444;9.89;1.73;;3;;"Enric, Roi. S. Eclipse. Please rotate FOV to put target and reference on the diagonal line. Reference is 7.2 arcmin away!";1.809886;1.0E-6;2456108.7600133;0.00034;0.0119;0.1539;0.2437;0.92;1.83;0;;;1;"Yes";2;
297;"WD0146+187";27.236666666667;19.007694444444;15.6;;;5;;"Pablo Program. This targets needs 2 time slots of 2 hours each.";;0;;0;;;;;;1;;;2;"Yes";2;
59;"XZ And";29.214666666667;42.100602777778;10;;;5;"A4IV";"Peter. Eclipsing binary for testing the precision of the eclipse time determined from mmag photometry. Preparation for circumbinary planet searching using ETVs. Now I need only 1 eclipse. 4 hours of observation, mid-eclipse +- 2 hours.";1.3572847;0;2452500.714;0;;0.158;;;;0;;;1;"No";0;
293;"185-005862";29.684166666667;2.4637777777778;15.9;;;5;"K";"Felipe/Enric. Target for QES. Data analyzed. Two transits, and sent to the QES collaboration to be included in the discovery paper.";0.8998841;0;2458453.711913;0;9;0.0695;;;;0;;;1;"Yes";2;
311;"TOI00390.01";30.114395833333;-4.9855694444444;9.8;;;2;;"TESS target. Nearby star is 6 mag fainter; Confirm event on target and/or check field for NEBs within 2.5'.";1.47043;0;2458412.373;0;;0.049;;;;0;;1;1;"No";0;
239;"HAT-P-32b_SE";31.04285;46.687836111111;10.64;;;5;;"CHEOPS, SE";2.150008;0;2454421.521374;0;;0.1295;;;;0;;;1;"Yes";1;
178;"WASP-33b-SE";36.712741666667;37.550482222222;8.14;1.55;1.85;3;"A5";"Proposed by Mayuko Mori and Norio Narita. Secondary eclipses in optical for extremely hot Jupiters.";1.21987;0;2454163.83361;0.0003;0.249;0.11224;3.81;1.17;0.164;0;;;1;"Yes";2;0.49679433385922
171;"WASP-33b";36.71275;37.5505;8.3;;;3;"A5 VI";"Noriharu. Program to detect orbital precession. -- Noriharu & Crouzet: modification of the transit duration (the longest value in literature is introduced)--";1.21986983;0;2454163.22373;0;0.01136;0.1188;;;;0;;;1;"Yes";10;
313;"TOI00414.01";36.85335;-12.038913888889;9.5;;;2;;"TESS target. Three stars in central pixel; possible EB";1.8249;0;2458411.519;0;19681;0.07625;;;;0;;1;1;"No";0;
292;"TOI00263.01";37.108083333333;-25.097388888889;18.97;;;2;"M";"TFOP sector S3. A USP Neptune candidate around a mid-M star (Teff=3116K). Faint, but large transit depth (0.064). We want to continue hitting this star to see possible signs of it accelerating and falling to the star.";0.556737;7.3E-5;2458386.172349;0.00147;;0.03553;;;;0;;1;8;"No";3;
6;"WASP-77 A b";37.155120833333;-7.0606666666667;10.3;0.955;1.002;4;;"Complementary to our GTC/OSIRIS R1000R transmission spectrum, with addition of bluer bands. To distinguish between Rayleigh scattering and TiO/VO.";1.3600309;2.0E-6;2455870.44977;0.00014;0.01693;0.09;5.43;1.21;1.21;0;;;1;"No";0;1.1504231349863
90;"HAT-P-47";38.308145833333;30.360500277778;10.61;;;3;;"Nicolas. Puffy hot Jupiter around a bright star. Measure the Rayleigh scattering and TiO/VO. Complement and validate the NOT ALFOSC observations.";4.732182;1.3E-5;2455661.63669;0.00041;;0.1287;;;;0;;;1;"No";0;
312;"TOI00393.01";42.2493;-14.5379;12.6;;;2;;"TESS target. May be on 29960110; Confirm event on target with high precision (<~1.5ppt/min) and/or check field for NEBs within 2.5'.";2.4922;0;2458411.669;0;1114;0.066875;;;;0;;1;1;"No";0;
165;"J02530+168";43.253541666667;16.881472222222;14.3;;;5;;"Rafa Luque. J=8.394, Very large proper motion. M7. CARMENES GTO survey candidates. Work coordinated with other observatories. *IMPORTANT: this Target need to be observed during the whole night*";4.90986565079;0;2458199.72563;0;;0.04166;;;;2;;;1;"Yes";18;
208;"HAT-P-48";44.470904166667;30.625688888889;12.5;;;2;"F";"GUO. Puffy planet to search for slope of haze or hints of Na/K/TiO/VO";4.40865;8.0E-6;2455839.21023;0.00029;0.009;0.1411;;;;0;;;1;"Yes";1;
298;"WD0300-013";45.721333333333;-1.1426388888889;16.2;;;3;;"Pablo's Program. This targets needs 2 time slots of 2 hours each.";;0;;0;;;;;;1;;;2;"No";0;
296;"WD0307+077";47.538166666667;7.959;16.25;;;5;;"Pablo Program. This targets needs 2 time slots of 2 hours each.";;0;;0;;;;;;1;;;2;"Yes";2;
305;"CD Cet";48.345791666667;4.7748333333333;14;;;2;"M";"Enric. CARMENES target, possible transits";2.290501;0;2457620.25003;0;;0.04;;;;0;;;1;"No";0;
309;"TOI00394.01";48.499541666667;-8.5735833333333;8.5;;;2;;"TESS target. Observe in focussed images We do not find anything in our data, but have problems with Dome vignetting and perhaps wrong ephemeris. We do not report it";0.39149;0;2458411.269;0;;0.03;;;;0;;1;1;"Yes";1;
68;"DH117";51.9555;47.459277777778;18;;;5;"M";"Lodieu. search for eclipses. Spectroscopic binary discovered with WHT ISIS, would like to search for eclipses but don't have yet enough information on t0 and period.";;0;;0;;;;;;2;;;1;"No";0;
72;"EPIC210363145";55.228416666667;12.572611111111;12.16;;;4;"early-K";"multi-colour transit + improve ephemeris. Eclipsing binary close in space to the Pleiades cluster (Gaidos+2016)";8.1998;0.001;2457070.80576;0.00174;0.001;0.1029;;;;0;;;1;"No";0;
61;"HCG76";55.61375;22.573583333333;17;;;4;"M3.0";"Lodieu. Follow-up of eclipses to constrain ephemerides";32.747;0;2457068.748;0;;0.13;;;;0;;;1;"No";0;
314;"TOI-438 -TIC468880077";56.504333333333;9.9904166666667;10.2;;;5;;"TESS Sector 5, a tentative candidate before allocating a TOI number. The period is rounded. Ephemeris is only applicable on Feb 7, 2019. No findings";5.81;0;2458516.553;0;;0.075;;;;0;;1;1;"Yes";1;
62;"MH09";56.730041666667;24.188;19;;;4;"M4.5";"Lodieu. Follow-up of eclipses to constrain ephemerides";42.8;0;2457099.21943;0;;0.17;;;;0;;;1;"No";0;
63;"HII2407";57.426125;24.463055555556;12.29;0.77;;4;"K3";"Lodieu. Follow-up of this eclipsing binary whose secondary has not been detected yet. VLT and GTC data available for it to detect the secondary";7.0504829;4.7E-6;2456916.65777;0.00014;0.06;0.1;;;;0;;;1;"Yes";1;
179;"K2-90b";59.152416666667;22.472638888889;13.85;0.634;0.705;4;;;13.7311;0.0014;2457078.6648;0.0025;0.14;0.128;33.9;;0.182;0;;;1;"No";0;2.7664405599207
299;"WD0408-041";62.759;-3.9729166666667;15.6;;;5;;"Pablo's Program. This targets needs 2 time slots of 2 hours each.";;0;;0;;;;;;1;;;2;"Yes";2;
4;"K2-25 b";63.273333333333;15.247783333333;15.6;0.295;0.294;3;;"Proposed by: J. de Leon and J. Livingston for atmospheres of planets in a young cluster We propose to observe a relatively unexplored population planets in young clusters. Due to their youth, these planets are experiencing high levels of UV irradiation which is the main factor of haze formation. Depending on their age, some younger planets are still undergoing contraction and hence their atmosphere if it exists are relatively puffy than current estimates. Investigating the wavelength-dependent radius variation can provide an insight to the existence such atmosphere and haze from the Rayleigh slope.";3.484552;3.7E-5;2457062.57935;0.00036;;0.0308;21.9;0.036;;0;;;1;"Yes";3;11.451998500334
288;"GJ3270";64.327220833333;8.8227819444444;13.84;;;5;;"Rafa, Victor, Carmenes, please check for special observations. It is NOT an object for planet searches";;0;;0;;;;;;2;;;1;"Yes";1;
316;"TOI00427.01";64.657066666667;-17.419877777778;11;;;2;;"TESS target. Possible EB, confirm";0.60952;0;2458438.32766;0;;0.042;;;;0;;1;1;"No";0;
109;"WASP-79b";66.3709;-30.600445277778;10.04;;;2;"F5";"Nicolas. JWST ERS target. Measure scale height, TiO/VO, and constrain the spectrum in the visible.";3.6623817;5.1E-6;2455545.23479;0.00125;;0.1661;;;;0;;;1;"No";0;
67;"EPIC248033498";67.06325;26.0549;18;;;5;"M";"Lodieu. Confirm eclipses in this potential members of Taurus.";1.437;0.02;2457847.43;0.02;0.05;0.25;;;;0;;;1;"No";0;
181;"K2-136c";67.412470833333;22.882722222222;11.2;0.66;0.74;3;"K5.5V";"Proposed by: J. de Leon and J. Livingston for atmospheres and TTV of planets in a young cluster We propose to observe a relatively unexplored population planets in young clusters. Due to their youth, these planets are experiencing high levels of UV irradiation which is the main factor of haze formation. Depending on their age, some younger planets are still undergoing contraction and hence their atmosphere if it exists are relatively puffy than current estimates. Investigating the wavelength-dependent radius variation can provide an insight to the existence such atmosphere and haze from the Rayleigh slope. Moreover, TTV analysis of multi-epoch data can provide possible constraint on the dynamical masses of the multi-planet system K2-136.";17.3077;0.0013;2457812.7177;0.001;0.15;0.15;39;;0.26;0;;;1;"Yes";1;2.5739488549406
66;"EPIC248023313";67.943083333333;25.977825;18;;;5;"M";"Lodieu. Confirm eclipses in this potential members of Taurus.";0.923;0.02;2457833.8;0.02;0.07;0.061;;;;0;;;1;"Yes";1;
65;"EPIC247776236";68.709041666667;24.244525;9.1;;;5;"A0";"Lodieu. monitoring light curve. multi-colour light curve of A-type binary";4.36;0.05;2457834.5;0.5;0.07;0.25;;;;0;;;1;"No";0;
266;"EPIC-248131102";69.340625;26.850527777778;17;;;5;;"EPIC-248131102 is a dipper stars to be monitored for the Dipper followup campaigns Observe for 10-15b minutes when possible";;0;;0;;;;;;2;;;1;"No";0;
268;"EPIC2481";69.340641666667;26.850516666667;15.2;;;5;;"Enric. This dipper is very periodic with, some uncertainty that needs to be estimated. Special Observation be followed during the whole night. 19/2/19: Data sent to Eric Gaidos. He may/may not write a paper. Project finished.";;0;;0;;;;;;2;;;1;"Yes";3;
304;"WD0435+410";69.664125;41.159027777778;14.8;;;5;;"Pablo's Program. This targets needs 2 time slots of 2 hours each.";;0;;0;;;;;;1;;;2;"Yes";3;
58;"C13_8425";70.794583333333;17.988797222222;11.6;;;5;"K5";"Grzegorz. Puffy planet candidate 5/1/18 There is one observation that shows clear color dependence of the eclipses. This is an eclipsing binary, so it's moved to priority 5.";1.3819974;0;2457821.8127226;0;;0.042427;;;;0;;;1;"Yes";1;
317;"TOI00422.01";71.8031875;-17.253066666667;9.5;;;2;;"TESS target.";0.63322;0;2458438.29783;0;;0.02;;;;0;;1;1;"No";0;
199;"WASP-82b";72.660666666667;1.8939133333333;10.07;;;4;"F5";"Proposed by Kiyoe Kawauchi. Transmission spectroscopy of hotter planets.";2.705785;2.0E-6;2456931.8444;0.0008;;0.208;;1.24;1.67;0;;;1;"No";0;
176;"WASP-35b";76.081666666667;-6.2297222222222;10.9;;;3;"F8V";"Crouzet. Puffy hot Jupiter around a bright star. Measure the Rayleigh scattering and TiO/VO. Complement and validate the NOT ALFOSC observations.";3.161575;0;2455531.47907;0;;0.1278;;;;0;;;1;"No";0;
120;"RX J0506.2";76.553858333333;4.65755;13.46;;;4;;"Victor. Search for rocky planets in the HZ of mid and late M dwarfs with estimated inclination angles ~90deg, based on Prot and vsini";;0;;0;;;;;;2;;;1;"No";0;
145;"C13_1830b";76.8675;16.867722222222;12.69;1.8;1.57;5;;"Grzegorz KESPRINT RM target. C13_1830 is a quite faint target for HARPS-N (V=12.7 mag) and transit duration is ~4h15m. Ingress is at 20:55 UT (airmass 1.03), transit mid-point at 23:05 (airmass 1.27) and egress at 01:10 (airmass 2.44). This means that we are able to collect between 8 and 17 radial velocities during the transit using exposure times between 30 and 15 min., 2-4 RVs before ingress and maybe 1-2 after the egress. During next two nights of this run we may observe this planet at orbital phases 0.33-0.41 and 0.7-0.8. Currently vsini is estimated for ~16-20 km/s, based on McDonald Tull reconnaissance spectra, so we should expect an overall amplitude of a Rossiter-McLaughlin effect of ~150-185 m/s (RV K semi-amplitude is ~300 m/s). I will be observing during this run. Therefore I would like to ask for your opinion about RM observations of C13_1830b with HARPS-N. Should we try to observe it?";2.6266999;0;2457820.7377968;0;0.007;0.01775;;;;0;;;1;"Yes";4;0.26920438957476
49;"TCPJ05+24";76.927666666667;24.79875;14;;;5;"F5";"Akihiko. Cadence: 10-30 minutes/night. The second brightest microlensing event discovered to date. It has a high sensitivity to exoplanets, and continuous monitoring is very important. Paper submitted for publication. May 2019. Done";;0;;0;;;;;;1;;;1;"Yes";15;
111;"KELT-7b";78.295416666667;33.318055555556;8.54;;;4;;"Enric: Target for simultaneous observations with TNG for atmosphere studies";2.7347785;0;2456355.229809;0;0.0087;0.1464;;;;0;;;1;"Yes";2;
315;"TOI00433.01";78.778441666667;-15.100444444444;9;;;3;;"TESS target, followup 1438.299160 2457000 OBSERVE IN FOCUS !!!";1.17409;0;2458438.29916;0;;0.083;;;;0;;1;1;"Yes";1;
147;"J052742";81.927666666667;7.9180805555556;12.04;;;2;;"Jorge Prieto. Brown Dwarf (SuperWASP)";1.1391899;0;2458111.5122859;0;;0.102;;;;0;;;1;"Yes";2;
121;"GJ207.1";83.43666875;1.9454041666667;11.499;;;4;"M2.5";"Victor. Search for rocky planets in the HZ of mid and late M dwarfs with estimated inclination angles ~90deg, based on Prot and vsini";;0;;0;;;;;;2;;;1;"No";0;
351;"3UC190-026030";83.91375;4.8281194444444;12.8;;;2;;"3UC190-026030 (TIC 220068921) Enric. This is a planet candidate detected in QES data, also observed by TESS. Although it is not a TOI, as it comes from full frames.";3.365167;0;2458469.253889;0;;0.1514;;;;0;;1;1;"No";0;
122;"GJ208";84.129127083333;11.327866666667;8.898;;;4;"M0";"Victor. Search for rocky planets in the HZ of mid and late M dwarfs with estimated inclination angles ~90deg, based on Prot and vsini";;0;;0;;;;;;2;;;1;"No";0;
352;"3UC196-033646";88.126791666667;7.9526277777778;12.3;;;2;;"3UC196-033646 (TIC 139474683) Enric. This is a planet candidate detected in QES data, also observed by TESS. Although it is not a TOI, as it comes from full frames.";3.204681;0;2458470.137279;0;;0.204;;;;0;;1;1;"No";0;
134;"XO-008.1480";88.8234625;62.835788888889;11.78;;;5;"wF8V";"Nicolas Crouzet. XO transit candidate. Two blended stars, probably SB2, but it may also be a planet around the brighter one. Multi-color photometry should help.";2.375765;0;2456755.48096;0.042;0.008;0.099;;;;0;;;1;"Yes";3;
350;"3UC170-025293";89.129958333333;-5.0119444444444;12.2;;;2;;"3UC170-025293 (TIC 39414571) Enric. This is a planet candidate detected in QES data, also observed by TESS. Although it is not a TOI, as it comes from full frames.";4.018375;0;2458471.334377;0;;0.1146;;;;0;;1;1;"No";0;
226;"WASP-49";91.089466666667;-16.965308333333;11.47;1.038;;3;;"Guo. Puffy planet to search for slope of haze or hints of Na/K/TiO/VO";2.7817362;1.4E-6;2456267.68389;0.00013;0.0142;0.0892;0.1198;0.396;1.198;0;;;1;"Yes";2;
137;"XO-008.0242";96.674216666667;64.090883055556;9.41;;;5;"G5D";"Nicolas Crouzet. XO transit candidate. There is definitely something here. Spectral type G5 D: if it is really a dwarf, it might be a small planet (?). A few RV points show only a hint of variation, upper limit m2<0.2 M_Jup. So not sure what it is (it could be a background object). Worth checking I think.";0.719642;0;2456780.67969;0.042;0.008;0.0356;;;;0;;;1;"Yes";2;
78;"CoRoT-19b";97.033579166667;-0.17069444444444;14;;;5;"F9V";"Peter. Improve ephemerids. CoRoT-Legacy project, would be nice to observe it before January (not to use the 180 nights/year)";3.897248;2.0E-6;2455257.44102;0.0006;;0.1929;;;;0;;;1;"No";0;
5;"WASP-12 b";97.636641666667;29.672277777778;11.7;1.63;1.28;4;;"Narita. Famous planet. Long-term monitoring for testing orbital decay/precession hypothesis. 5 hours per transit. ideally 3 times per year until 2021";1.09142245;3.0E-7;2454508.97682;0.0002;0.0138;0.122;2.98;1.361;1.79;0;;;1;"Yes";4;0.29556101984254
329;"WASP-12B_SE";97.636641666667;29.672277777778;11.7;;;2;;"Enric: To check proposed variability in secondary eclipse depths.";1.09142245;0;2454509.5225312;0;;0.122;;;;0;;;1;"No";0;
116;"GJ3396";97.96125;41.495972222222;14.8;;;3;"M5";"V. Bejar: GJ3396 Monitor for # hours equivalent to 7-10 days 0.3 58.4 90+/-40 0.13";;0;;0;;;;;;2;;;1;"Yes";17;
79;"CoRoT-21b";101.05265;-0.2991833;15.84;;;5;"G8V";"Peter. Improve ephemerids. CoRoT-Legacy project, would be nice to observe it before January (not to use the 180 nights/year)";2.72474;0.0001;2454399.0282;0.0009;;0.198;;;;0;;;1;"Yes";1;
186;"KELT-19Ab";111.5095375;7.6157872222222;9.89;1.83;1.62;3;"Am kA5 hA7 mF2 V";;4.6117093;8.9E-6;2457281.249537;2457280;1.147;0.183;7.5;;1.9;0;;;1;"Yes";1;0.2643393059331
325;"TOI00516.01";112.38154166667;2.8479583333333;17.2;;;3;"M";"Norio: TESS targets from sector 7, check the special calendar";1.04855;0;2458492.649974;0;;0.04428;;;;0;;1;1;"No";0;
295;"HD60491";113.609;-6.896675;;;;5;;"Mahmoud collaboration, Rafa/Enric. Star 2/2. Needs 10-15 min observations each night during the period January 8th- February 6th. 13/3/19 Data sent to Mahmoud, he may or may not write a paper";;0;;0;;;;;;1;;1;1;"Yes";15;
228;"HAT-P-39";113.75824583333;17.830075;12.35;1.404;;3;;"Guo. Puffy planet to search for slope of haze or hints of Na/K/TiO/VO";3.54387;5.0E-6;2455208.75049;0.00041;0.0099;0.1745;0.1484;0.599;1.571;0;;;1;"Yes";1;
124;"GJ282C";114.02954166667;-3.1108338888889;9.87;;;5;"M1";"Victor. Search for rocky planets in the HZ of mid and late M dwarfs with estimated inclination angles ~90deg, based on Prot and vsini";;0;;0;;;;;;2;;;1;"Yes";27;
202;"J073817";114.57083333333;8.4269444444444;;;;5;;"J. Prieto-Arranz. SWASP. Partial transit.";5.0251;9.25E-5;2455160.4943;0.00333;;0.17;;;;0;;;1;"No";0;
294;"Gl285";116.167375;3.5524638888889;11.22;;;5;;"Mahmoud collaboration, Rafa/Enric. Star 1/2. Needs 10-15 min observations each night during the period January 8th- February 6th. Data sent to to Mahmoud on March 2019. He may or may not write a paper.";;0;;0;;;;;;1;;1;1;"Yes";18;
125;"GJ 1101";118.974875;83.384722222222;13.09;;;4;"M4.5";"Victor. Search for rocky planets in the HZ of mid and late M dwarfs with estimated inclination angles ~90deg, based on Prot and vsini";;0;;0;;;;;;2;;;1;"No";0;
323;"TOI00493.01";119.62770833333;12.883266666667;12.55;;;5;"K";"Norio: TESS targets from sector 7, check the special calendar Sent to TFOP 27/5/19. Done";5.947773;0;2458493.31843;0;;0.08821;;;;0;;1;1;"Yes";1;
45;"GJ3470b";119.77445833333;15.391527777778;12.33;;;2;"M0";"Akihiko. Multiple (>5) transit observations to further constrain the Rayleigh slope and also to understand the possible systematics in MuSCAT2 photometry. Please use "align" command to adjust the FOV. The preferred focus value is "best_focus - 500 um", and the optimal exposure times would be 8 (r), 15 (i), and 20 (z) sec.";3.3366413;0;2456677.727712;0;;0.0791;;;;0;;;1;"Yes";5;
321;"TOI00488.01";120.59533333333;3.3387888888889;13.7;;;2;"M";"Norio: TESS targets from sector 7, check the special calendar, a nearly Earth-sized planet around a mid-M dwarf, a possible good target for IRD/CARMENES RV follow-up";1.198126;0;2458492.202188;0;;0.04415;;;;0;;1;3;"No";0;
327;"TOI00521.01";123.34425;12.222097222222;14.69;;;5;"M";"Norio: TESS targets from sector 7, check the special calendar Sent to TFOP 27/5/19. Done";1.542131;0;2458492.722769;0;;0.04635;;;;0;;1;1;"Yes";1;
326;"TOI00519.01";124.60675;-19.662797222222;17.35;;;2;"M";"Norio: TESS targets from sector 7, check the special calendar";1.265223;0;2458491.877254;0;;0.0517;;;;0;;1;1;"No";0;
76;"K2-105b";125.42028333333;13.497522222222;11.75;0.95;1.01;3;;"Narita. Discovered by ESPRINT (Narita+2017). There was a hint of TTV and additional RV variations. 2 transits are desired.";8.266902;7.0E-5;2457147.99107;0.00117;;0.14426;0.03472;0.094;0.369;0;;;1;"Yes";1;1.1780142877971
269;"KELT-17b";125.61666666667;13.735277777778;;;;4;;"Nuria. Target to be observed also at TNG.";3.0801716;0;2457226.14219;0;;0.14;;;;0;;;1;"Yes";1;
320;"HIP41378f_egr";126.6160375;10.080369444444;8.92;;;2;"F";"A special target on 2019 Feb. 27. The ephemeris is for the transit egress.";271.03986;0;2457187.279052;0;0.05;0.0625;;;;0;;;1;"No";0;
346;"EPIC17229";126.97295833333;17.560141666667;16.5;;;2;"M4";"Proposed by A. Fukui. A Jovian candidate around an M dwarf from Dressing et al. 2017. Expected depth is 3%.";2.176929;5.35E-5;2457175.525;0.001;;0.042;;;;0;;;1;"No";0;
40;"GJ1111";127.45625;26.776944444444;14.1;;;4;"M6.5";"Enric. From 4h to full nights. Search for transiting planets around UCD";;0;;0;;;;;;2;;;1;"No";0;
324;"TOI00515.01";128.06708333333;11.630711111111;14.49;;;5;"K";"Norio: TESS targets from sector 7, check the special calendar Sent to TFOP 27/5/19";3.115247;0;2458493.28254;0;;0.095798;;;;0;;1;1;"Yes";1;
322;"EPIC211799258";128.24616666667;17.306547222222;17;;;2;"M3V";"Proposed by John, Jerome, and Akihiko. A warm-Jupiter candidate around a mid-M dwarf discovered by K2. The expected transit depth is 7%. To check chromaticity and test for the EB scenario. See https://exofop.ipac.caltech.edu/k2/edit_target.php?id=211799258 See also https://arxiv.org/abs/1810.04074";19.533885;1.0E-5;2457153.146521;0.000355;0.07;0.05399;;;12.7;0;;;1;"No";0;
337;"TOI00498.01";129.09079166667;-3.8602027777778;10.1;;;5;;"TESS-TFOP target Sent to TFOP 27/5/19. Done";0.275043;0;2458491.89175;0;;0.0314;;;;0;;1;1;"Yes";1;
308;"EPIC211929937";129.17845833333;19.173813888889;14.43;;;2;;"Urgent follow-up target for planet validation proposed by Jerome and John. For more details, see http://u0u0.net/PHej";3.476634;0;2458115.869768;0;;0.1058;;;;0;;;1;"No";0;
75;"K2-95b";129.36274166667;18.976686111111;17.27;0.402;0.361;4;"M3.0";"AKA (EPIC211916756) Narita. A mini Neptune around an M3 dwarf in the Beehive cluster. One MuSCAT transit was taken. Lodieu. multi-colour transit + improve ephemeris. Planet in Praesepe cluster, first attempt from the ground. If transit is detected, there are 6 other planets in Praesepe with shallower transits to be attempted with Muscat2";10.135091;0.00049;2457140.74083;0.00205;;0.095;0.0771;0.03458;0.33;0;;;1;"Yes";1;5.5568547204819
180;"K2-100b";129.60122916667;20.106041666667;10.55;1.19;1.18;3;"G0V";"Proposed by: J. de Leon and J. Livingston for atmospheres of planets in a young cluster We propose to observe a relatively unexplored population planets in young clusters. Due to their youth, these planets are experiencing high levels of UV irradiation which is the main factor of haze formation. Depending on their age, some younger planets are still undergoing contraction and hence their atmosphere if it exists are relatively puffy than current estimates. Investigating the wavelength-dependent radius variation can provide an insight to the existence such atmosphere and haze from the Rayleigh slope.";1.673916;1.3E-5;2457144.06723;0.00055;0.0723;0.0646;6.2;;0.31;0;;;1;"Yes";4;0.70023066072697
306;"K2-146b";130.02675;19.092894444444;17;;;2;"M";"John/Enric. KESPRINT target. To look for possible TTVs of the super-earth planet. Try to observe a long out-of transit baseline";2.670750016506;0;2458252.3627914;0;0.3;0.07;;;;0;;;1;"No";0;
330;"K2-146c";130.02675;19.092894444444;17;;;2;"M";"John/Enric. KESPRINT target. To look for possible TTVs of the super-earth planet. Try to observe a long out-of transit baseline";3.968404044528;0;2458255.970893;0;0.3;0.045;;;;0;;;1;"No";0;
338;"TOI00564.01";130.29516666667;-16.036325;11.1;;;3;;;1.651142;0;2458518.203536;0;3006;0.0316;;;;0;;1;1;"No";0;
133;"EPIC_211901114b";130.39870833333;18.743058333333;17.14;;;5;"M star";"Guo Chen: Serach for emathane signatures. There are a lot of transits for this target (~11 before May). It has a short transit duration. But it is very faint. Name: EPIC_211901114b RA: 08 41 35.694 DEC: +18 44 35.01 Period: 1.648932 days T0: 2457140.83259 BJD_TDB Transit duration: 0.57 hrs Vmag: 17.14 gmag: 17.66 rmag: 16.47 imag: 15.25 zmag: 14.65 5/5/18 Lowered to priority 5 to wait for data analysis";1.648932;0;2457140.83259;0;0.1;0.0237;;;;0;;;1;"Yes";7;
161;"C16_4403b";130.87834583333;24.423111111111;12.564;;;5;;"Grzegorz. KESPRINT followup: Only 1 transit required. hot sub-Neptune for HARPS-N?";4.688771;0;2458096.71227;0;1.4;0.0964167;;;;0;;;1;"No";0;
162;"C16_4403c";130.87834583333;24.423111111111;12.554;;;5;;"Grzegorz. KESPRINT followup: Only 1 transit required. warm super-Earth for HARPS-N?";12.554007;0;2458104.42578;0;0.9;0.117917;;;;0;;;1;"No";0;
248;"C16_4830c";131.35855833333;19.698461111111;16.41;;;4;;"Grzegorz Nowak. M dwarf in Praesepe cluster with 2 small planets (Rc~2.25 Earth radii)";19.6617976;0;2458117.0993522;0;2.8;0.102833;;;;0;;;1;"No";0;
249;"C16_4830b";131.35855833333;19.698461111111;16.41;;;4;;"Grzegorz Nowak. M dwarf in Praesepe cluster with 2 small planets (Rb~1.75 Earth radii, i.e. in the radius gap)";5.8393285;0;2458102.5959644;0;2.8;0.0698333;;;;0;;;1;"No";0;
300;"WD0842+231";131.41320833333;22.957833333333;15.9;;;5;;"Pablo's Program. This targets needs 2 time slots of 2 hours each.";;0;;0;;;;;;1;;;2;"Yes";3;
150;"C16_2384";131.45688333333;13.029577777778;12.564;;;5;;"Grzegorz. KESPRINT followup: Only 1 transit required. USP candidate with radius of 5.12 Earth radii and expected RV K semi-amplitude in a range 7 - 25 m/s";0.635388;0;2458095.97292;0;1.3;0.0543;;;;0;;;1;"Yes";3;
301;"WD 0843+516";131.75941666667;22.957833333333;16;;;5;;"Pablo's Program. This targets needs 2 time slots of 2 hours each.";;0;;0;;;;;;1;;;2;"Yes";3;
64;"Prae0850";132.70766666667;19.810138888889;18.5;;;4;"M5";"Lodieu. Follow-up of eclipses to constrain ephemerides + WHT ISIS complementary data";6.02;0;2457142.891;0.001;0.4;0.121;;;;0;;;1;"No";0;
159;"C16_2935";133.147875;17.499830555556;12.854;;;5;;"Grzegorz. KESPRINT followup: Only 1 transit required. inflated hot Jupiter around early type star (A9/F0, Teff ~ 7350 K). Not good for RV follow-up, but OK for validation.";3.608008;0;2458097.87916;0;5.3;0.114083;;;;0;;;1;"No";0;
151;"C16_6875";134.690275;20.869091666667;10.95;;;5;;"Grzegorz. KESPRINT followup: Only 1 transit required. hot sub-Saturn for FIES";5.170131;0;2458098.68053;0;2.3;0.0645833;;;;0;;;1;"Yes";2;
148;"C16_8748";134.7181125;21.076047222222;13.821;;;4;;"Grzegorz. Hot super-Earth, possible target for CARMENES";5.74578;0;2458095.55747;0;3.2;0.04721;;;;0;;;1;"Yes";2;
347;"EPIC09553";135.01975;13.273872222222;16.6;;;2;"M0";"Proposed by A. Fukui. A long-period (20.4d) Jovian candidate around an M dwarf from Dressing et al. 2017. Expected depth is 4%.";20.359542;0.0003275;2457151.412;0.001;;0.17;;;;0;;;1;"No";0;
81;"LHS2090";135.09829166667;21.834841666667;16.1;;;4;"M6.5";"Enric. Search for planets around this cool star. A minimum of 4h in stare mode each night. V=16.10, R=14.09, I=11.85, J=9.436, Prot=0.44d, vseni=14.3, i~90deg 31/5/18 Enric: Lowered to priority 4 due to low visibility.";;0;;0;;;;;;2;;;1;"Yes";22;
154;"C16_0382";136.169975;20.931452777778;12.626;;;5;;"Grzegorz. KESPRINT followup: Only 1 transit required. hot Saturn for FIES";4.445545;0;2458099.3492;0;4.6;0.151292;;;;0;;;1;"No";0;
149;"C16_1533";136.36141666667;21.668694444444;13.444;;;5;;"Grzegorz. KESPRINT followup: Only 1 transit required. hot (super-)Earth, possible target for CARMENES.";3.35578;0;2458095.74776;0;0.8;0.0635;;;;0;;;1;"Yes";1;
153;"C16_0024";136.489475;16.325572222222;11.842;;;5;;"Grzegorz. KESPRINT followup: Only 1 transit required. hot sub-Saturn for FIES";5.113776;0;2458096.81006;0;1.1;0.08958;;;;0;;;1;"No";0;
203;"EPIC211945201b";136.57395833333;19.402252777778;10.154;;;5;;;19.492156691426;2.42067E-5;2457158.8248379;0.000923526;0.1309;0.14875;;;;0;;;1;"No";0;
158;"C16_5201";136.573975;19.402252777778;10.154;;;4;;"Grzegorz. KESPRINT followup: Only 1 transit required. warm sub-Saturn for FIES";19.492036;0;2458113.93977;0;1.5;0.124;;;;0;;;1;"No";0;
234;"EPIC 211638401.01";136.72083333333;15.075555555556;15.1;;;5;;"Pilar. TFOP";0.53;0;2458246.231;0;0.548;0.0437;;;1.3;0;;;1;"Yes";1;
157;"C16_7930";136.78939166667;15.205697222222;11.561;;;4;;"Grzegorz. KESPRINT followup: Only 1 transit required. warm sub-Saturn for FIES";14.759545;0;2458097.39384;0;1.9;0.171208;;;;0;;;1;"No";0;
156;"C16_6472";137.13252916667;18.528541666667;11.275;;;4;;"Grzegorz. KESPRINT followup: Only 1 transit required. hot Jupiter for FIES";19.639079;0;2458114.74811;0;4.5;0.0590833;;;;0;;;1;"No";0;
94;"WASP-13b";140.10295833333;33.882421388889;10.42;;;3;"GIV";"Nicolas.Puffy hot Jupiter around a bright star. Measure the Rayleigh scattering and TiO/VO. Complement and validate the NOT ALFOSC observations.";4.353011;1.3E-5;2455575.5136;0.0016;;0.169;;;;0;;;1;"Yes";3;
340;"GL357b";144.00683333333;-21.660805555556;10.9;;;1;"M";;3.93056;0;2458517.99922;0;100;0.06;;;;0;;1;1;"No";0;
336;"TOI00638.01";147.867375;-4.123325;9.5;;;2;;"TESS-TFOP target. Target was observed with strong comma. NO Good data available.";0.493826;0;2458517.42793;0;311;0.0484;;;;0;;1;1;"Yes";1;
335;"TOI00561.02";148.18516666667;6.2161111111111;10.252;;;5;;"TESS target, for TFOP. Target observed with strong comma on the telescope. Data useful, submitted to TFOP SG2 says it's a confirmed planet candidate. Done";0.446547;0;2458517.49812;0;;0.057;;;;0;;1;1;"Yes";1;
302;"WD1015+161";154.51575;15.86615;15.6;;;5;;"Pablo's Program. This targets needs 2 time slots of 2 hours each.";;0;;0;;;;;;1;;;2;"Yes";2;
291;"HD89345b";154.67083333333;10.129166666667;9.4;;;2;"G5";"Enric. Target for Atmos Characterization. Camilla + Rafa 2457913.80316 or 1913.80316 ??";11.81399;0;2457913.80316;0;0.1;0.2;;;;0;;;1;"No";0;
144;"C14_7106";154.67108333333;10.129026944444;9.37;;;5;;"Enric EPIC-248777106 Inflated Neptune Very good candidate around slightly evolved star. Stellar density from transit duration agrees with catalogued stellar properties. Proposed as an astroseismic star. Tres spectrum (https://exofop.ipac.caltech.edu/k2/files/248777106/Other/248777106O-ab58081.01944.ps) suggest T =5250K, logg = 3.5, vsini = 4km/s. Davide: 8 FIES spectra and 3 HARPS-N spectra. RV variation in phase with K=7 m/s and M=22 M_Earth. Hit it again and again!";11.8145467;0;2457913.8034161;0;0.0014;0.259583;;;;0;;;1;"No";0;
102;"WASP-43b";154.90836666667;-9.806275;12.4;;;4;"K7V";"Nicolas. JWST ERS target. Measure scale height, TiO/VO, and constrain the spectrum in the visible.";0.81347753;7.0E-7;2455726.54336;0.00012;;0.0483;;;;0;;;1;"Yes";5;
172;"WASP-43b-SE";154.90836666667;-9.806275;12.4;;;3;"K7V";"Crouzet. Try one or a few eclipses to see if it can be detected. If not, stop it. If yes, continue to measure the eclipse depth more accurately.";0.81347753;0;2455726.9501;0;;0.0483;;;;0;;;1;"Yes";1;
29;"WASP-127b";160.55867916667;-3.8350797222222;10.17;0;0;2;"G5";"Search for Rayleigh scattering. Guo";4.178062;0;2457248.74131;0;0;0.1795;0;0;0;0;;;1;"Yes";1;
86;"WASP-104b";160.60243333333;7.435025;11.79;;;2;"G8";"Guo. P200/DBSP transmission spectrum shows tentative Rayleigh scattering. This is to confirm it.";1.75540636;1.4E-7;2457935.0702321;8.6E-6;;0.072827;;;;0;;;1;"Yes";11;
177;"302-100935";160.74829166667;60.964194444444;14.14;;;5;;"Felipe: Transit of QES candidate. Only one opportunity on 26/5/18";1.5408059;0;2457728.54262;0;0.1;0.0833333;;;;0;;;1;"Yes";2;
169;"HD93148";161.908625;71.655959166667;8.335;;;5;"F";"ENRIC: CONFIDENTIAL TARGET from MASCARA. One transit opportunity neededto confirm the planet NOT OBSERVABLE BECASEU OF DECLINATION";5.55132522098;0;2457058.26969;0;0.0078;0.133333;;;;0;;;1;"No";0;
318;"EPIC-248874928";164.37620833333;12.535647222222;12.9;;;2;;"John. K2 target proposed for validation";3.435406;0;2457908.996519;0;;0.095;;;;0;;;1;"No";0;
344;"TOI00654.01";164.72416666667;-5.5463555555556;14.5;;;5;"M";"Narita: TESS sector 9 target, potential Subaru/IRD target Updated to TFOP on 27/5/19. Done";1.527419;0.000195;2458543.43585;0.00189;;0.0504733;;;;0;;1;1;"Yes";2;
126;"GJ410";165.65975833333;21.967139166667;9.57;;;4;"M2";"Victor.Search for rocky planets in the HZ of mid and late M dwarfs with estimated inclination angles ~90deg, based on Prot and vsini 31/5/18 Enric: lowered to priority 4 due to low visibility";;0;;0;;;;;;2;;;1;"Yes";4;
74;"K2-45b";169.632875;-1.7741305555556;15.78;0.445;;4;"M0";"Narita. 4 hours per transit. one would be enough to confirm the possible Rayleigh scattering seen in MuSCAT data. a hot Jupiter candidate around an M dwarf. If it is truly a planet, it is very rare. Also, due to the large transit depth, it is expected large signal of Rayleigh slope, if it is true planet (Dressing+2017).";1.729257;8.0E-6;2456809.52604;0.00018;;0.07037;0.139589;;;0;;;1;"Yes";4;
113;"K2-19b";174.96041666667;0.60361111111111;12.8;;;3;;"Enric: More transit times for accurate mass measurements There are TTVs of the order of 30 min, Start and Finish with lots of time !!!";7.91951;0;2456813.38403;2456810;0.001;0.1362;;;;0;;;1;"Yes";1;
39;"GJ436";175.54170833333;26.710277777778;10.68;;;3;;"LISA. Sym. obs with carmenes, get update on time. Taku needs additional transits in 2019 season for his master thesis (atmospheric study).";2.643901;0;2454238.479958;0;;0.04204;;;;0;;;1;"Yes";4;
127;"GJ3685A";176.91978333333;0.25559722222222;13.34;;;4;"M4";"Victor. Search for rocky planets in the HZ of mid and late M dwarfs with estimated inclination angles ~90deg, based on Prot and vsini";;0;;0;;;;;;2;;;1;"Yes";1;
55;"J114848";177.2005;-34.830083333333;9.16;;;5;;"Jorge. Superwasp object. Catch its shallow transit [japp] Duration FALSO (0.01) añadido por Jorge Perez.";0.4753393;0;2457735.644757;0;;0.06872;;;;0;;;1;"No";0;
236;"J11511+352";177.78058333333;35.272013888889;9.8;;;5;"M1.5V";"RAFA: CARMENES TARGET. Observe a window of opportunity to see if the planet transits. Duration is estimated.";3.334;0;2458216.32546;0;0.1;0.1;;;;0;;;1;"No";0;
354;"TOI00680.01";179.16385833333;-12.377441666667;9.5;;;2;;"Enric: Depth of 800 ppm only. TFOP Comment: Check field within 2.5' for NEBs using a red (rp, R, ip, I, z) filter.";0.4337;0;2458543.514628;0;;0.0370963;;;;0;;1;1;"Yes";3;
357;"TOI00680.01";179.16385833333;-12.377441666667;9.5;;;2;;"Enric: Depth of 800 ppm only. TFOP Comment: Check field within 2.5' for NEBs using a red (rp, R, ip, I, z) filter.";0.4337;0;2458543.514628;0;;0.0370963;;;;0;;1;1;"No";0;
56;"J121238";183.160625;48.597222222222;8.63;;;5;;"Jorge. Superwasp object. To catch its shallow transit";455.015;0;2457518.587415;0;;0.145;;;;0;;;1;"No";0;
303;"WD1225-079";186.94729166667;-8.2438861111111;14.7;;;5;;"Pablo's Program. This targets needs 2 time slots of 2 hours each.";;0;;0;;;;;;1;;;2;"Yes";3;
114;"WASP-107b";188.38686666667;-10.14615;11.6;0.66;0.69;2;"K6";"Proposed by Jerome and John. J band transit and Spitzer 3.6um + 4.5um transits are available.";5.72149;2.0E-6;2456514.411;0.0001;;0.1147;;0.12;0.94;0;;;1;"Yes";1;2.4000333917689
128;"GJ493.1";195.13960833333;5.6855861111111;13.434;;;1;"M4.5";"Victor. Search for rocky planets in the HZ of mid and late M dwarfs with estimated inclination angles ~90deg, based on Prot and vsini";;0;;0;;;;;;2;;;1;"Yes";28;
163;"J13229+244";200.73641666667;24.467611111111;13.01;;;5;;"Rafa Luque. Using MuSCAT2 to look for transits of the RV CARMENES GTO survey candidates. Work to be coordinated with other observatories at other longitudes to have better coverage of the transit window, which is very large due to the mean anomaly uncertainty from the Keplerian fit of the RVs. *IMPORTANT: this Target need to be observed during the whole night* 17/4/18 Enric: Moved this planet to priority 5 as it has already been observed 3 times and it does not seem to have a transit";3.02342895418;0;2458199.3566963;0;;0.0416667;;;;0;;;1;"Yes";3;
247;"C17_8254";205.37625;-9.9460852777778;9.884;;;4;;"Grzegorz Nowak. HD119130 -- G3V star with ~3 Earth radii planet on 17-day orbit (RV follow-up with CARMENES started on 2018-06-10)";16.9803;0;2458180.2929002;0;0.6;0.097875;;;;0;;;1;"No";0;
83;"WASP-54b";205.4542838;-0.1280656;10.41;;;3;;"Guo. P200/DBSP transmission spectrum shows weird spectral features. This is to confirm whether those come from Rayleigh scattering or TiO/VO.";3.6936411;5.9E-6;2455518.35087;0.00053;;0.1863;;;;0;;;1;"No";0;
246;"C17_9563";206.84583333333;-6.1368697222222;10.357;;;4;;"Grzegorz Nowak. LHS2799 -- K5V star with ~1.75 Earth radii planet on 6-day orbit (RV follow-up with CARMENES started on 2018-06-07)";6.0016469;0;2458185.3580016;0;0.7;0.0536;;;;0;;;1;"No";0;
57;"HAT-P-44b";213.14408333333;47.014686111111;13.2;;;3;;"Guo, Jorge. Search for Rayleigh scattering.";4.301219;0;2455696.93695;0;;0.13;;;;0;;;1;"Yes";3;
85;"HAT-P-26b";213.1563875;4.06003;11.76;;;3;"K1";"Guo. This is one of the most studied Neptune-sized planets which show water absorption. This is to search for a Rayleigh scattering slope.";4.2345023;7.0E-7;2455304.65218;0.00035;;0.1023;;;;0;;;1;"Yes";1;
205;"WASP-39b";217.32666666667;-3.4445027777778;11.9;;;3;;"Guo target, program for exoplanet atmospheres. Validation target. This one has well-studied transmisison spectrum from both space and ground. We also have an unpublished GTC/OSIRIS transmission spectrum. Further observation can lead to a combined publication and validate how MuSCAT2 performs. May 3 2018: Enric set to priority 3";4.05528047;0;2455342.9696;0;;0.1168;;;;0;;;1;"Yes";4;
235;"J14342-125";218.57004166667;-12.519552777778;11.31;;;5;"M4.0V";"RAFA: CARMENES TARGET. Observe a window of opportunity to see if the planet transits.";3.188;3.188;2458214.84556;0;;0.1;;;;0;;;1;"Yes";1;
341;"WASP-189b";225.68708333333;-3.0313888888889;6.6;;;2;"A";"Ultra-hot Jupiter !! Nuria: Observations simultaneous with TNG. Planet interesting on its own.";2.724033;0;2456706.4545;0;1000;0.083;;;;0;;;3;"No";2;
342;"WASP-189b_SE";225.68708333333;-3.0313888888889;6.6;;;2;"A";"Ultra-hot Jupiter !! Nuria: Observations simultaneous with TNG. Planet interesting on its own.";2.724033;0;2456707.8165165;0;1000;0.083;;;;0;;;3;"No";1;
254;"EPIC_249811959.01";235.85416666667;-17.743055555556;12.51;;;5;;"Pilar. Pilar. TFOP target. NOTEs to the observer: - Please observe always IN FOCUS TFOP's targets - Use exposures as deep as possible. "Vanderburg C15, rule out faint NEBs within 2' and bright NEBs within full FOV; Observed by Scott Dixon on 20180510 in a Luminance filter. No obvious NEBs found. John and Rhodes observed a partial transit (50%+egress) on 20180521 and found no NEBs down to dmag ~6. The next observations should use deep exposures to check the nearby neighbors down to a dmag of 9.5, relative to the target star"";0.74;0;2458311.058;0;;0.0417;;;;0;;1;1;"Yes";1;
44;"K2-33b";242.56140833333;-19.319319444444;;;;2;"pre-main M3";"Narita. A young planet around a pre-main sequence star. super-Neptune. Detecting Rayleigh slope may constrain planet density. As many as opportunities are desired. Also proposed by: J. de Leon and J. Livingston for atmospheres of planets in a young cluster We propose to observe a relatively unexplored population planets in young clusters. Due to their youth, these planets are experiencing high levels of UV irradiation which is the main factor of haze formation. Depending on their age, some younger planets are still undergoing contraction and hence their atmosphere if it exists are relatively puffy than current estimates. Investigating the wavelength-dependent radius variation can provide an insight to the existence such atmosphere and haze from the Rayleigh slope.";5.42513;0;2456898.69288;0;;0.176;;;;0;;;1;"Yes";1;
69;"USco16m25";244.12783333333;-25.205583333333;19;;;5;"M5.25";"Lodieu. improve ephemeris. Eclipsing binary member of Upper Socrpius published in Lodieu+2015.";2.80886;0.001;2456897.52271;0.00014;0.07;0.101;;;;0;;;1;"No";0;
70;"EPIC203868608";244.32913333333;-24.621875;17;;;5;"M5";"Lodieu. improve ephemeris. Eclisping binary member of Upper Scorpius";4.54171;1.9E-5;2456896.19699;0.00019;;0.136;;;;0;;;1;"No";0;
71;"EPIC203476597";246.4913125;-26.010375;16;;;5;"K0";"Lodieu. Improve ephemeris. Eclipsing binary member of Upper Scorpius, grazing";1.4408031;5.0E-6;2456894.37787;0.0016;;0.146;;;;0;;;1;"No";0;
87;"WASP-92b";246.69207083333;51.041086111111;12.92;;;3;"F7";"Guo. A puffy hot Jupiter to search for Rayleigh scattering or TiO/VO";2.1746742;1.6E-6;2456381.2834;0.00027;;0.1153;;;;0;;;1;"Yes";5;
328;"HD149026b";247.62341666667;38.347308333333;8.14;;;4;;"Enric- This is a CARMENES-Spectroscopy target, needs to be observed at certain time in special observations. Otherwise it is low priority.";2.8758911;0;2454456.78761;0;0.002933;0.135;;;;0;;;1;"No";0;
84;"WASP-103b";249.31486666667;7.1833527777778;12.39;;;3;"G8";"Guo. Both NOT/ALFOSC and independent multi-band photometry show a scattering slope, in contrast to VLT/FORS2's non-slope results. This is to confirm whether such a slope exists. 5/6/18 Enric: moved to priority 5 as we already have 7 transits 21/6/18 Enric: back to priority 3";0.9255456;1.3E-6;2456836.296445;5.5E-5;;0.11232;;;;0;;;1;"Yes";13;
358;"WASP-103b_SE";249.31666666667;7.1833333333333;12;;;3;"F8V";"Proposed by Enric and Akihiko. Expected SE depths are 0.05% in i-band and 0.08% in z band.";0.925545333;0;2456836.7591997;0;;0.109;;;;0;;;3;"No";0;
167;"J16555-083";253.89704166667;-8.3944722222222;17.7;;;5;;"Rafa Luque. J=9.776. vB 8, active M7 star. Large proper motion. Using MuSCAT2 to look for transits of the RV CARMENES GTO survey candidates. Work to be coordinated with other observatories at other longitudes to have better coverage of the transit window, which is very large due to the mean anomaly uncertainty from the Keplerian fit of the RVs. IMPORTANT: this Target need to be observed during the whole night!";11.16737484;0;2458183.18626;0;;0.0416667;;;;0;;;1;"Yes";1;
35;"HAT-P-18b";256.3464625;33.012491666667;12.66;;;2;"K2";"GUO. Search for Rayleigh Scattering";5.5080291;0;2454715.02254;0;;0.1131;;;;0;;;1;"Yes";1;
48;"GJ1214";258.82891666667;4.9638055555556;15.1;;;4;"M4.5";"Akihiko. Multiple (>5) transit observations to further constrain the Rayleigh slope and also to understand the possible systematics in MuSCAT2 photometry";1.58040482;0;2454980.748795;0;;0.0366;;;;0;;;1;"Yes";2;
129;"1RXS J1733";263.47145416667;16.92025;14.38;;;5;"M4.5";"Victor. Search for rocky planets in the HZ of mid and late M dwarfs with estimated inclination angles ~90deg, based on Prot and vsini";;0;;0;;;;;;2;;;1;"Yes";41;
88;"HAT-P-55b";264.27344583333;25.731186111111;13.21;;;3;"G2";"Guo. A puffy hot Jupiter to search for Rayleigh scattering";3.5852467;6.4E-6;2456730.83468;0.00027;;0.1223;;;;0;;;1;"Yes";1;
89;"WASP-135b";267.284975;29.879108333333;13.28;;;4;;"Guo. A puffy hot Jupiter to search for Rayleigh scattering";1.4013794;8.0E-7;2455230.9902;0.0009;;0.069;;;;0;;;1;"Yes";1;
36;"TrES-4b";268.30440833333;37.211766666667;11.58;;;4;;"GUO. Rayleigh Scattering";3.55392771;0;2454230.9056;0;;0.152;;;;0;;;1;"No";0;
349;"J01807";271.81625;50.258777777778;19.7;;;1;"L1";"Enric. This is a target for collaboration with Spitzer observations. Needs to be observed only on particular times given in the Special Observations calendar";;0;;0;;;;;;2;;;1;"Yes";7;
353;"Quaoar";272.53041666667;-15.302030555556;16;;;5;;"Enric: Stellar occultation. It is a time critical observations to be conducted on June 4th. OBSERVE IN FOCUS !! Short exposure times of 10s";;0;;0;;;;;;2;;;1;"Yes";1;
198;"HAT-P-57b";274.7434375;10.597255277778;10.64;;;4;;"Proposed by Kiyoe Kawauchi. Transmission spectroscopy of hotter planets.";2.465295;3.2E-6;2455113.48127;0.00048;;0.14578;;1.85;1.413;0;;;1;"Yes";2;
243;"WASP-3b_SE";278.63179166667;35.661533055556;;;;3;;;;0;;0;;;;;;0;;;1;"No";0;
200;"J183507";278.78191666667;36.615583333333;;;;5;;"J183507 2000.0 0.00 -0.01 12.17 Superwasp objecto from Jorge, already observed. 25/7/2018 Enric: moved to priority 5";5.74877;0;2453141.216;0;;0.180517;;;;0;;;1;"Yes";1;
252;"KIC 8005892";280.97166666667;43.875583333333;13.7;;;5;;"20/6/18 Enric: I introduced this target given to us by Simon Albrecht. It needs to be observed only on August 8 as it is a long period eclipsing binary. T0,Period and duration are wrong, just place holders !!! The rest of the data are fine";900;0;240000;0;0.1;0.4;;;;0;;;1;"No";0;
348;"Kepler-1654b";282.18333333333;44.434444444444;13;;;5;;"Enric. Collaboration with J. Lillo Box. Search for possible trojans. Set at priority 5 as it only needs to be observed on aa particular date, when indicated in the Special observations calendar";;0;;0;;;;;;2;;;1;"No";0;
97;"KELT-8b";283.30551666667;24.127381388889;10.84;;;3;"F8";"Nicolas C., Guo. Puffy hot Jupiter around a bright star. Measure the Rayleigh scattering and TiO/VO. Complement and validate the NOT ALFOSC observations.";3.24406;0.00016;2456883.4803;0.0007;;0.1444;;;;0;;;1;"Yes";1;
192;"Kepler-90g";284.4335;49.305166666667;13.8;1.2;1.2;2;"G6 to F6";"Coordinated by John Livingston. External collaboration with Jack Lissauer. TTV monitoring of rare opportunities. Just one ingress/egress is useful to constrain the mass of a counterpart. See special observation calendar.";210.5935133;1.099E-5;2454980.0364;0.0014;0.4159;0.490408;127.3;;0.725;0;;;1;"No";0;0.69444444444444
193;"Kepler-90h";284.4335;49.305166666667;13.8;1.2;1.2;2;"G6 to F6";"Coordinated by John Livingston. External collaboration with Jack Lissauer. TTV monitoring of rare opportunities. Just one ingress/egress is useful to constrain the mass of a counterpart. See special observation calendar.";331.6011081;0.0007116;2454973.49631;0.00082;0.8322;0.614;180.7;;1.008;0;;;1;"Yes";2;0.69444444444444
204;"KOI-367.01";284.47216666667;39.911805555556;;;;5;;;31.578651216;7.277E-6;2455010.206237;0.000178;;0.08875;;;;0;;;1;"No";0;
359;"KIC8012732";284.72949583333;43.864216666667;14;;;5;;"Proposed by Akihiko. Kepler's Jovian candidate with a period of 431 days. The next transit is expected to be around July 10, 2019. Goal is to detect ingress or egress of the transit, which has a depth of ~0.5% and duration of ~0.6 days.";;0;;0;;;;;;2;;;3;"No";0;
188;"Kepler-177c";286.047125;45.053194444444;15;1.07;1.07;2;"F8V";"Coordinated by John Livingston. External collaboration with Jack Lissauer. TTV monitoring of rare opportunities. Just one ingress/egress is useful to constrain the mass of a counterpart. See special observation calendar.";49.4096;0.001;2455031.238871;0.000888;0.3607;0.20812;;0.0198;0.635;0;;;1;"Yes";1;0.87343872827321
209;"Kepler-12";286.243425;50.040383333333;13.5;;;2;"G0";"Guo. Puffy planet to search for slope of haze or hints of Na/K/TiO/VO";4.4379637;0;2455004.00835;0;0.0138;0.1957;;;;0;;;1;"No";0;
189;"KOI-1783b";289.34142083333;46.988238888889;13.9;1.393;;2;;"Coordinated by John Livingston. External collaboration with Jack Lissauer. TTV monitoring of rare opportunities. Just one ingress/egress is useful to constrain the mass of a counterpart. See special observation calendar.";134.478389;0.000274;2455002.281;0.0012;0.4033;0.2458;;;0.97065;0;;;1;"Yes";1;
173;"Kepler-86 b";289.7625;51.9626;;;;2;;"Enric. Important: this is a long period planet, do not miss it, only two transits per year!";282.5253558;0;2455196.072;0;;0.4499;;;;0;;;1;"Yes";1;
38;"WASP-48b";291.16235;55.473146944444;11.65;;;4;;"Guo: GTC/OSIRIS R1000R spectrum shows tentative evidence of TiO/VO, but Rayleigh scattering is also possible. This is to confirm whether RS exsits. Also proposed by Kiyoe Kawauchi. Transmission spectroscopy of hotter planets.";2.14363544;0;2455364.55241;0;;0.1327;;;;0;;;1;"Yes";1;
345;"EPIC92056";291.67316666667;-21.539055555556;13.5;;;2;"mid M";"Proposed by A. Fukui. A Jovian candidate around an M dwarf from Dressing et al. 2017. Expected depth is 0.15%.";2.785922;4.75E-5;2457311.406;0.001;0.0015;0.042;;;;0;;;1;"No";0;
251;"KIC 4366923";292.11541666667;39.498555555556;13;;;5;;"20/6/18 Enric: I introduced this target given to us by Simon Albrech. It needs to be observed only on June 28 as it is a long period eclipsing binary. T0,Period and duration are wrong, just place holders !!! The rest of the data are fine";900;0;2300000;0;0.1;0.4;;;;0;;;1;"Yes";1;
175;"Kepler-1514 b";292.627425;37.860175;10.953;;;2;;"Enric. Ultra long period planet.";217.83201452;0;2455071.808218;0;;21.3037;;;;0;;;1;"Yes";1;
241;"KELT-20_SE";294.66137083333;31.219218888889;7.59;;;4;;"Enric, Roi, Pilar , S. Eclipse. CHEOPS. 18/10/18 Enric, lowered to priority 2, we already have 2 observations, needs checkout";3.6961219;0;2454969.348331;0;;0.0909;;;0.17;0;;;1;"Yes";2;
194;"MASCARA-2b";294.661375;31.219222222222;7.6;1.6;1.89;3;"A2";"Priority 2 on July 19th, 2018, for simultaneous observations with HARPS-N+GIANO. Priority 3 for other nights.";3.474119;6.0E-6;2457909.5906;0.0003;;0.148;7.66;;1.83;0;;;1;"Yes";2;0.46142578125
343;"Kepler-1625b";295.42933333333;39.8865;16.23;;;2;;"Kepler-1625b: Special observations requested by Karen Collins for a coordinated campaign searching for the transit ingress and Moon. OBSERVE in FOCUS !!!!!";287.38;0;2456043.9587;0;4000;0.8;;;;0;;;1;"Yes";1;
190;"Kepler-51d";296.479775;49.937683333333;14.7;0.94;1.04;2;"G2";"Coordinated by John Livingston. External collaboration with Jack Lissauer. TTV monitoring of rare opportunities. Just one ingress/egress is useful to constrain the mass of a counterpart. See special observation calendar.";130.178058;7.1E-5;2455045.02345;0.00039;1.2239;0.33293;63.88;0.024;0.865;0;;;1;"Yes";1;1.2521310306965
191;"Kepler-11g";297.115125;41.909138888889;13.7;1.1;0.95;2;"G";"Coordinated by John Livingston. External collaboration with Jack Lissauer. TTV monitoring of rare opportunities. Just one ingress/egress is useful to constrain the mass of a counterpart. See special observation calendar.";118.37824892;3.49E-6;2455120.2901;0.0022;0.1169;0.40519;94.4;;0.3274;0;;;1;"Yes";2;0.7137490608565
184;"KOI-94d(Kepler-89d)";297.33305833333;41.891116666667;;1.52;1.277;4;"F-G0";"Proposed by John Livingston and Mayuko Mori. TTV monitoring for planets in MMR.";22.34296949;2.7E-7;2454965.738889;0.000257;0.5712;0.27915;26.2;;0.8877;0;;;1;"No";0;0.3636303579239
185;"KOI-94e(Kepler-89e)";297.33305833333;41.891116666667;;1.52;1.277;4;"F-G0";"Proposed by John Livingston and Mayuko Mori. TTV monitoring for planets in MMR.";54.3199815;4.14E-6;2454994.238225;0.004122;0.1986;0.3542;47.6;;0.525;0;;;1;"No";0;0.3636303579239
25;"HAT-P-11b";297.7093625;48.080861388889;9.47;0;0;3;;"GUO. To confirm Rayleigh scattering, and to determine whether it comes from stellar activity. 8/6/18 Enric: moved to priority 2 to force simultaneous observations with MUSCAT2. Has to be lowered 3 days later";4.88780244;0;2454957.81321;0;0;0.098;0;0;0;0;;;1;"Yes";1;
130;"GJ1243";297.78884583333;46.4833925;12.83;;;1;"M5.5";"Victor. Search for rocky planets in the HZ of mid and late M dwarfs with estimated inclination angles ~90deg, based on Prot and vsini";;0;;0;;;;;;2;;;1;"Yes";13;
174;"Kepler-1647 b";298.15;40.656111111111;13.8;;;2;"F8";"Enric. This is an ultra long period planet.";1107.59;0;;0;;0.41;;;;0;;;1;"Yes";1;
182;"WASP-80";303.16735833333;-2.1442205555556;11.939;0.586;0.577;5;"K7V-M0V";"Proposed by Y. Terada and A. Fukui for measurement of the stellar rotation velocity and atmospheric characterization of WASP-80b";;0;;0;;;;;;1;;;1;"Yes";28;2.8673649029845
183;"WASP-80b";303.16735833333;-2.1442205555556;11.939;0.586;0.577;3;"K7V-M0V";"Proposed by Y. Terada and A. Fukui for measurement of the stellar rotation velocity and atmospheric characterization of WASP-80b";3.06785234;8.0E-7;2456487.425006;2.5E-5;2.937;0.088792;12.63;0.538;0.999;0;;;1;"Yes";2;2.8673649029845
238;"WASP-74_SE";304.538825;-1.0756761111111;9.76;;;3;;"CHEOPS, SE";2.13775;0;2456507.960675;0;;0.0955;;;;0;;;1;"Yes";2;
98;"WASP-74b";304.5388375;-1.0757202777778;9.75;;;2;;"Nicolas. Puffy hot Jupiter around a bright star. Measure the Rayleigh scattering and TiO/VO. Complement and validate the NOT ALFOSC observations. 10/Jul/18 Enric Priority raised to 2, to obtain simultaneous observations to HARPS-N suring summer (should be lowered back to 4 in September)";2.13775;1.0E-6;2456506.8916;0.0002;;0.0955;;;;0;;;1;"Yes";2;
197;"HAT-P-49b";305.44137083333;26.692667222222;10.326;;;4;"A8";"Proposed by Kiyoe Kawauchi. Transmission spectroscopy of hotter planets.";2.691548;6.0E-6;2456399.62406;0.00063;;0.1712;;1.73;1.413;0;;;1;"No";0;
195;"HAT-P-23b";306.12385416667;16.76217;11.94;;;4;"G0V";"Proposed by Kiyoe Kawauchi. Transmission spectroscopy of hotter planets.";1.21288;2.0E-6;2454852.26464;0.00018;;0.0908;;2.09;1.368;0;;;1;"No";0;
272;"J20260+585";306.5220375;58.572911111111;13.993;;;5;;"Rafa Luque, Carmenes photometric follow-up.";;0;;0;;;;;;2;;;1;"No";0;
43;"KELT-9b";307.85979166667;39.938833333333;7.58;2.362;;4;"B9.5-A0";"Narita. Constraining/detecting the gravity darkening of the host star (rapidly rotating). The polar orbit of the planet makes this an ideal target. Also proposed by Noriharu Watanabe. Monitoring possible orbital precession of extreme hot Jupiters. How to observe this target: 1. KELT-9 is very bright, so please be careful for saturation. Exposure times should be around 1-5 sec for all bands, and defocus 700-1000 micron away from the best focus. FWHM should be ~40 pix, and because of that, you should set the aperture radius for light curve monitor ~50 pix. Also we want to keep two bright stars around KELT-9b for reference stars. Be careful that both of them are in the field of view and not saturated (if possible). 2. We would like to take images in the same stellar positions in the field of view, so please check the registered image as a reference, using 'show_ref' command. Usually we add some offset from the center position, and rotate 10 degrees, and then execute ‘align’ command. When you rotate the instrument, don’t forget to take FLAT image with the rotated position angle.";1.4811235;1.1E-6;2457095.68572;0.00014;0.677;0.16316;;;0.08228;0;;;1;"Yes";7;
77;"KELT-9bSE";307.85979166667;39.938833333333;7.587;;;4;"B9.5-A0";"Narita. 6 hours per eclipse. One observation should be sufficient to z band detection, and a few-several for i band. Detecting secondary eclipses in optical bands. Also to constrain orbital decay/precession. Also proposed by Mayuko Mori and Norio Narita. Secondary eclipses in optical for extremely hot Jupiters. How to observe this target: 1. KELT-9 is very bright, so please be careful for saturation. Exposure times should be around 1-5 sec for all bands, and defocus 700-1000 micron away from the best focus. FWHM should be ~40 pix, and because of that, you should set the aperture radius for light curve monitor ~50 pix. Also we want to keep two bright stars around KELT-9b for reference stars. Be careful that both of them are in the field of view and not saturated (if possible). 2. We would like to take images in the same stellar positions in the field of view, so please check the registered image as a reference, using 'show_ref' command. Usually we add some offset from the center position, and rotate 10 degrees, and then execute ‘align’ command. When you rotate the instrument, don’t forget to take FLAT image with the rotated position angle.";1.4811235;1.1E-6;2457096.42628;0.0001411;0.677;0.16316;;2.88;;0;;;1;"Yes";4;
168;"WASP-176b";313.68725;9.1790277777778;12.1;;;2;;"Enric. Unpublished planet. We need one transit to include the photometry in the discovery paper.";3.8991;0;2454420.91127;0;0.1;0.1707;;;;0;;;1;"No";0;
30;"WASP-69b";315.02580416667;-5.0944744444444;9.87;;;4;"K5";"GUO. Search for Rayleigh scattering. Guo";3.8681382;0;2455748.83344;0;0;0.0929;;;;0;;;1;"No";0;
99;"WASP-70b";315.4769875;-13.433266666667;10.79;;;3;"G4+K3";"Nicolas. Puffy hot Jupiter around a bright star. Measure the Rayleigh scattering and TiO/VO. Complement and validate the NOT ALFOSC observations. NOTE: Reference image registered, must be used after rotating the instrument to 20º using alex2. muscat2@alex2 $ rotate 20 muscat2@shine2 $ align WASP-70 Please rotate the instrument back to 0º after the observation.";3.7130203;4.7E-6;2455736.50348;0.00027;;0.1389;;;;0;;;1;"Yes";1;
225;"HAT-P-65";315.90549166667;11.989405555556;13.15;;;3;;"Guo. Puffy planet to search for slope of haze or hints of Na/K/TiO/VO";2.6054552;0;2456409.33263;0;0.0109;0.1819;;;;0;;;1;"Yes";1;
245;"MASCARA-1b_SE";317.55154166667;10.738861111111;8.5;;;2;"A8";;2.14878;0;2457098.35239;0;;0.169;;;;0;;;1;"No";0;
101;"HAT-P-17b";324.536375;30.488736944444;10.38;;;4;"G0";"Nicolas. Puffy hot Jupiter around a bright star. Measure the Rayleigh scattering and TiO/VO. Complement and validate the NOT ALFOSC observations.";10.338523;9.0E-6;2454801.16943;0.0002;;0.169;;;;0;;;1;"No";0;
131;"GJ4247";330.30468945833;28.3069075;12.83;;;4;"M4";"Victor. Search for rocky planets in the HZ of mid and late M dwarfs with estimated inclination angles ~90deg, based on Prot and vsini";;0;;0;;;;;;2;;;1;"No";0;
255;"WASP-47c";331.20291666667;-12.018888888889;11.98;;;5;"G9V";"Multi-site campaign for the search of transits of WASP-47c Added: 9 Aug 2018 Enric Sopped campaign on Sep 6th moved to priority 5 Enric 19/2/19: Data sent to A. Vanderburg and Howard Relles. They might or might not write a paper. Target finished.";;0;;0;;;;;;2;1;;1;"Yes";7;
164;"J22252+594";336.32108333333;59.413777777778;12.943;;;4;;"Rafa Luque. Using MuSCAT2 to look for transits of the RV CARMENES GTO survey candidates. Work to be coordinated with other observatories at other longitudes to have better coverage of the transit window, which is very large due to the mean anomaly uncertainty from the Keplerian fit of the RVs. *IMPORTANT: this Target need to be observed during the whole night*";13.3594500574;0;2458187.2489481;0;;0.0416667;;;;0;;;1;"No";0;
96;"HAT-P-1b";344.44518333333;38.675091666667;9.87;;;3;"G0V";"Nicolas. Puffy hot Jupiter around a bright star. Measure the Rayleigh scattering and TiO/VO. Complement and validate the NOT ALFOSC observations.";4.46529976;5.5E-7;2453979.93202;0.00024;;0.11875;;;;0;;;1;"No";0;
9;"TRAPPIST-1 b";346.6220125;-5.041275;18.8;0.117;0.08;5;;;1.510848;1.9E-5;2457322.51765;0.00025;0.00754;0.0251;;0.00462;0.1015;0;;;1;"No";0;49.949644514624
10;"TRAPPIST-1 c";346.6220125;-5.041275;18.8;0.117;0.08;4;;;2.421848;2.8E-5;2457362.72618;0.00033;0.00672;0.0251;28;0.00337;0.1015;0;;;1;"Yes";4;49.949644514624
11;"TRAPPIST-1 d";346.6220125;-5.041275;18.8;;;4;;;4.04961;6.3E-5;2457670.14165;0.00035;;0.03412;;;;0;;;1;"Yes";2;
50;"TRAPPIST-1e";346.6220125;-5.041275;18.8;0.117;0.0802;4;"M8";"Akihiko. To constrain the masses of the outer planets via TTVs";6.09957;1.1E-5;2457574.9829;0.00038;;0.03973;;0.002;0.0819;0;;;1;"Yes";1;50.07451862591
51;"TRAPPIST-1f";346.6220125;-5.041275;18.8;0.117;0.0802;2;"M8";"Akihiko. To constrain the masses of the outer planets via TTVs. Ephemeris updated based on Grimm et al. 2018.";9.20649522558;1.5E-5;2457321.53759;0.00023;;0.04346;;0.0021;0.09323;0;;;1;"Yes";2;50.07451862591
52;"TRAPPIST-1g";346.6220125;-5.041275;18.8;0.117;0.0802;2;"M8";"Akihiko. To constrain the masses of the outer planets via TTVs. Ephemeris updated based on Grimm et al. 2018.";12.3530428119;0.00012;2457294.76947;0.00021;;0.0475;;0.00422;0.1005;0;;;1;"No";0;50.07451862591
53;"TRAPPIST-1h";346.6220125;-5.041275;18.8;;;2;"M8";"Akihiko. To constrain the masses of the outer planets via TTVs. Ephemeris updated based on Grimm et al. 2018.";18.7694641511;0;2457662.54345;0.00056;;0.05333;;;;0;;;1;"No";0;
201;"J231155/WASP-155";347.97954166667;33.047666666667;;;;2;;"Jorge Prieto-Arranz. SWASP.";3.1103517;6.15E-5;2457612.5876;0.00464;;0.12;;;;0;;;1;"No";0;
28;"WASP-52b";348.49483333333;8.7612777777778;12.2;0;0;4;"K2";"Search for Rayleigh scattering. GUO GTC/OSIRIS R1000R shows a flat spectrum, but Rayleigh scattering is not fully excluded. This extends to bluer bands, to confirm whether RS is possible.";1.74978119;0;2456862.79776;0;0;0.0754;0;0;0;0;;;1;"No";0;
229;"WASP-151";349.06342916667;0.30674722222222;12.8;1.181;;3;;"Guo. Puffy planet to search for slope of haze or hints of Na/K/TiO/VO";4.5334775;2.3E-6;2457763.676241;4.0E-5;0.0102;0.1527;0.0967;0.36;1.187;0;;;1;"No";0;
279;"TOI00238.01";349.23135833333;-18.60663;;;;2;;"TFOP sector S2. visibility test Dec";1.272419;0;2458354.6692;0;;0.0583;;;;0;;1;1;"No";0;
41;"3UC240-312760";355.82670833333;29.932388888889;10.7;;;5;;"Felipe: Transit lasts 3.7 hours, observe for 5.7 hours so we have 1 hour before and after transit. Low mass binary followed by Qatar Exoplanet Survey. Only 2 opportunities from Tenerife, dates: 14/12/2017, 31/12/2017";16.95353;0;2458034.57087;0;;0.154167;;;;0;;;1;"Yes";2;
60;"sdM00";356.74945833333;-0.99552694444444;16;;;5;"M0.0";"Lodieu. Search for transit. Spectroscopic binary SB2: search for transits every 4 nights on the following dates: 29Nov, 03Dec, 07Dec, 11Dec, 15Dec, 19Dec, 23Dec, 27Dc, 31Dec2017";4.042;0;2458055.625;0;;0.02;;;;0;;;1;"No";0;
112;"Qatar8b";358.515;37.021833333333;13.03;;;5;;"Felipe: New candidate from QES survey";2.0320757;0;2458051.449052;0;1;0.16666;;;;0;;;1;"No";0;
115;"3uc255-282464";358.515;37.021833333333;13.03;;;5;;"Felipe: New unpublished Hot Jupiter from Quatar Survey. Get one transit to confirm depth, ephemeris, etc, before publication.";2.0320757;0;2458051.449052;0;0.1;0.166666;;;;0;;;1;"Yes";1;
132;"RX J2354.8";358.714475;38.526752777778;13.18;;;4;"M4";"Victor. Search for rocky planets in the HZ of mid and late M dwarfs with estimated inclination angles ~90deg, based on Prot and vsini";;0;;0;;;;;;2;;;1;"No";0;